-- NutraConnect Seed Data
-- Run this after schema.sql to populate the database

-- ============================================
-- COMPANIES (22 records)
-- ============================================

INSERT INTO companies (id, name, slug, type, category, city, state, address, pincode, phone, email, website, gst_number, fssai_number, year_established, employee_count, annual_turnover, products, brands, rating, reviews_count, is_verified, verifications, description, ai_summary, highlights, coverage_areas, is_featured, completeness_score, created_at, updated_at) VALUES
('nutrimart-distributors', 'NutriMart Distributors Pvt Ltd', 'nutrimart-distributors', 'distributor', ARRAY['Vitamins & Minerals', 'Proteins & Amino Acids', 'Ayurvedic & Herbal'], 'Mumbai', 'Maharashtra', '123 Business Park, Andheri East', '400069', '+91 98765 43210', 'info@nutrimart.in', 'https://nutrimart.in', '27AABCU9603R1ZM', '10012345678901', 2015, '51-100', '5-10 Cr', ARRAY['Multivitamins', 'Whey Protein', 'Ashwagandha', 'Omega-3'], ARRAY['HealthVit', 'MuscleBlaze', 'Himalaya', 'Now Foods'], 4.2, 156, TRUE, ARRAY['gst', 'fssai', 'iso']::verification_type[], 'NutriMart Distributors is a leading distribution company specializing in nutraceutical products across Western India. With over 8 years of experience, we serve 500+ retailers and have established a strong network in Maharashtra, Gujarat, and Goa.', 'A well-established distributor with strong presence in Western India, known for reliable delivery and extensive product range.', ARRAY['Serving 500+ retailers across 3 states', 'Same-day delivery in Mumbai', 'Cold storage facility for temperature-sensitive products', 'Dedicated account managers for key clients'], ARRAY['Maharashtra', 'Gujarat', 'Goa'], TRUE, 95, '2023-01-15', '2024-12-01'),

('healthfirst-distribution', 'HealthFirst Distribution Network', 'healthfirst-distribution', 'distributor', ARRAY['Sports Nutrition', 'Weight Management', 'Proteins & Amino Acids'], 'Delhi', 'Delhi', '45 Industrial Area, Okhla Phase 2', '110020', '+91 98111 22334', 'sales@healthfirst.co.in', 'https://healthfirst.co.in', '07AABCH1234A1Z5', NULL, 2012, '101-200', '10-50 Cr', ARRAY['Whey Protein', 'Pre-Workout', 'BCAAs', 'Mass Gainers'], ARRAY['Optimum Nutrition', 'BSN', 'MuscleTech', 'Dymatize'], 4.5, 234, TRUE, ARRAY['gst', 'fssai']::verification_type[], 'HealthFirst is the largest sports nutrition distributor in North India, partnering with top international brands to serve gyms, retailers, and online platforms.', NULL, ARRAY['Exclusive distributor for 3 international brands', 'Pan-North India coverage', 'Dedicated gym partnership program'], ARRAY['Delhi', 'Haryana', 'Punjab', 'Uttar Pradesh', 'Rajasthan'], TRUE, 90, '2022-06-10', '2024-11-28'),

('wellness-connect', 'Wellness Connect Distributors', 'wellness-connect', 'distributor', ARRAY['Ayurvedic & Herbal', 'Immunity Boosters', 'Digestive Health'], 'Bangalore', 'Karnataka', '78 Tech Park, Whitefield', '560066', '+91 80 4567 8901', 'hello@wellnessconnect.in', NULL, '29AABCW5678B1Z2', NULL, 2018, '11-50', '1-5 Cr', ARRAY['Chyawanprash', 'Giloy', 'Tulsi Drops', 'Triphala'], ARRAY['Dabur', 'Patanjali', 'Zandu', 'Organic India'], 4.0, 89, TRUE, ARRAY['gst']::verification_type[], 'Focused on Ayurvedic and herbal product distribution in South India.', NULL, ARRAY['Specializing in Ayurvedic products', 'Strong pharmacy network'], ARRAY['Karnataka', 'Tamil Nadu', 'Kerala'], FALSE, 75, '2023-03-20', '2024-11-15'),

('vitaforce-pharma', 'VitaForce Pharmaceuticals Pvt Ltd', 'vitaforce-pharma', 'manufacturer', ARRAY['Vitamins & Minerals', 'Antioxidants', 'Immunity Boosters'], 'Ahmedabad', 'Gujarat', 'Plot 234, GIDC Industrial Estate, Vatva', '382445', '+91 79 2589 0123', 'business@vitaforce.com', 'https://vitaforce.com', '24AABCV1234C1Z8', '10015678901234', 2008, '201-500', '50-100 Cr', ARRAY['Vitamin C', 'Vitamin D3', 'Multivitamins', 'Zinc Tablets', 'Calcium Supplements'], ARRAY[]::TEXT[], 4.7, 312, TRUE, ARRAY['gst', 'fssai', 'iso', 'gmp', 'fda']::verification_type[], 'VitaForce is one of India''s leading nutraceutical manufacturers with state-of-the-art WHO-GMP certified facilities. We manufacture for 50+ brands and export to 20+ countries.', 'Premier manufacturer with international certifications and extensive contract manufacturing capabilities.', ARRAY['WHO-GMP certified facility', 'FDA registered manufacturer', 'Exporting to 20+ countries', 'In-house R&D team of 15 scientists', 'Capacity: 10 million units/month'], ARRAY[]::TEXT[], TRUE, 98, '2021-08-05', '2024-12-02'),

('herbex-naturals', 'Herbex Naturals India', 'herbex-naturals', 'manufacturer', ARRAY['Ayurvedic & Herbal', 'Organic', 'Beauty & Skin'], 'Haridwar', 'Uttarakhand', 'SIDCUL Industrial Area, Haridwar', '249403', '+91 1334 234567', 'info@herbexnaturals.in', 'https://herbexnaturals.in', '05AABCH9876D1Z3', '10019876543210', 2010, '101-200', '10-50 Cr', ARRAY['Herbal Extracts', 'Ayurvedic Tablets', 'Natural Beauty Products', 'Essential Oils'], ARRAY[]::TEXT[], 4.4, 178, TRUE, ARRAY['gst', 'fssai', 'organic', 'gmp']::verification_type[], 'Herbex Naturals specializes in organic and Ayurvedic product manufacturing with a focus on traditional formulations and modern quality standards.', NULL, ARRAY['Organic certified production', 'Traditional Ayurvedic formulations', 'USDA Organic certified'], ARRAY[]::TEXT[], TRUE, 92, '2022-01-10', '2024-11-20'),

('proteinmax-labs', 'ProteinMax Laboratories', 'proteinmax-labs', 'manufacturer', ARRAY['Sports Nutrition', 'Proteins & Amino Acids', 'Weight Management'], 'Pune', 'Maharashtra', 'Hinjewadi IT Park, Phase 3', '411057', '+91 20 6789 0123', 'enquiry@proteinmax.in', 'https://proteinmax.in', '27AABCP4567E1Z9', NULL, 2014, '51-100', '10-50 Cr', ARRAY['Whey Protein Isolate', 'Whey Concentrate', 'Plant Protein', 'Protein Bars'], ARRAY[]::TEXT[], 4.3, 145, TRUE, ARRAY['gst', 'fssai', 'iso']::verification_type[], 'ProteinMax is a specialized manufacturer of protein supplements with advanced spray drying and blending facilities.', NULL, ARRAY['Specialized in protein manufacturing', 'Spray drying facility', 'Custom flavor development'], ARRAY[]::TEXT[], FALSE, 85, '2022-09-15', '2024-10-30'),

('nutralife-manufacturing', 'NutraLife Manufacturing Co', 'nutralife-manufacturing', 'manufacturer', ARRAY['Vitamins & Minerals', 'Probiotics', 'Omega & Fish Oils'], 'Hyderabad', 'Telangana', 'Genome Valley, Shamirpet', '500101', '+91 40 2345 6789', 'sales@nutralifemanufacturing.com', NULL, '36AABCN7890F1Z1', NULL, 2016, '51-100', '5-10 Cr', ARRAY['Probiotics', 'Fish Oil Capsules', 'Multivitamins', 'Mineral Supplements'], ARRAY[]::TEXT[], 4.1, 98, TRUE, ARRAY['gst', 'fssai', 'gmp']::verification_type[], 'Specialized in softgel capsule manufacturing with expertise in fish oils and probiotics.', NULL, ARRAY['Softgel capsule expertise', 'Temperature-controlled facility'], ARRAY[]::TEXT[], FALSE, 80, '2023-02-28', '2024-11-10'),

('healthkart-retail', 'HealthKart Retail Solutions', 'healthkart-retail', 'retailer', ARRAY['Sports Nutrition', 'Vitamins & Minerals', 'Weight Management'], 'Gurgaon', 'Haryana', 'Cyber Hub, DLF Phase 2', '122002', '+91 124 456 7890', 'partners@healthkart.com', 'https://healthkart.com', '06AABCH2345G1Z4', NULL, 2011, '500+', '100+ Cr', ARRAY['Proteins', 'Vitamins', 'Fitness Equipment', 'Health Foods'], ARRAY['MuscleBlaze', 'HealthKart', 'Optimum Nutrition', 'Now Foods'], 4.6, 5670, TRUE, ARRAY['gst', 'fssai']::verification_type[], 'India''s largest health and fitness retailer with 100+ stores and a leading e-commerce platform.', NULL, ARRAY['100+ retail stores across India', 'Leading e-commerce platform', 'Own brand portfolio'], ARRAY['Pan India'], TRUE, 95, '2021-05-12', '2024-12-01'),

('apollo-pharmacy', 'Apollo Pharmacy Network', 'apollo-pharmacy', 'pharmacy_chain', ARRAY['Vitamins & Minerals', 'Ayurvedic & Herbal', 'Immunity Boosters'], 'Chennai', 'Tamil Nadu', 'Apollo Hospitals Campus, Greams Road', '600006', '+91 44 2829 3333', 'vendor@apollopharmacy.in', 'https://apollopharmacy.in', '33AABCA1234H1Z7', NULL, 1983, '500+', '100+ Cr', ARRAY[]::TEXT[], ARRAY[]::TEXT[], 4.8, 12340, TRUE, ARRAY['gst', 'fssai']::verification_type[], 'India''s largest pharmacy chain with 5000+ stores nationwide.', NULL, ARRAY['5000+ stores nationwide', 'Part of Apollo Hospitals Group', 'Strong procurement network'], ARRAY['Pan India'], TRUE, 90, '2020-01-01', '2024-11-30'),

('naturex-ingredients', 'Naturex Ingredients Pvt Ltd', 'naturex-ingredients', 'raw_material', ARRAY['Ayurvedic & Herbal', 'Organic'], 'Indore', 'Madhya Pradesh', 'Industrial Area, Pithampur', '454775', '+91 731 234 5678', 'sales@naturexindia.com', 'https://naturexindia.com', '23AABCN5678I1Z2', NULL, 2005, '51-100', '10-50 Cr', ARRAY['Ashwagandha Extract', 'Curcumin', 'Brahmi Extract', 'Shilajit', 'Herbal Powders'], ARRAY[]::TEXT[], 4.5, 167, TRUE, ARRAY['gst', 'fssai', 'organic', 'halal']::verification_type[], 'Leading supplier of standardized herbal extracts and Ayurvedic raw materials with organic certification.', NULL, ARRAY['Organic certified extracts', 'In-house standardization lab', 'Sustainable sourcing practices'], ARRAY[]::TEXT[], TRUE, 88, '2022-04-18', '2024-11-25'),

('amino-chem', 'AminoChem Industries', 'amino-chem', 'raw_material', ARRAY['Proteins & Amino Acids', 'Sports Nutrition'], 'Vadodara', 'Gujarat', 'GIDC Makarpura', '390010', '+91 265 234 5678', 'info@aminochem.in', NULL, '24AABCA9012J1Z5', NULL, 2011, '101-200', '50-100 Cr', ARRAY['L-Glutamine', 'BCAAs', 'Creatine Monohydrate', 'L-Carnitine', 'Taurine'], ARRAY[]::TEXT[], 4.3, 134, TRUE, ARRAY['gst', 'fssai', 'iso']::verification_type[], 'Manufacturer and supplier of amino acids and sports nutrition raw materials.', NULL, ARRAY['Pharmaceutical grade quality', 'Bulk manufacturing capacity'], ARRAY[]::TEXT[], FALSE, 82, '2022-07-22', '2024-10-15'),

('wellness-forever', 'Wellness Forever Medicare', 'wellness-forever', 'ecommerce', ARRAY['Vitamins & Minerals', 'Ayurvedic & Herbal', 'Beauty & Skin'], 'Mumbai', 'Maharashtra', 'Lower Parel, Mumbai', '400013', '+91 22 6789 0123', 'vendor@wellnessforever.in', 'https://wellnessforever.in', '27AABCW3456K1Z8', NULL, 2008, '201-500', '50-100 Cr', ARRAY[]::TEXT[], ARRAY[]::TEXT[], 4.4, 2340, TRUE, ARRAY['gst', 'fssai']::verification_type[], 'Omnichannel health and wellness retailer with 250+ stores and a growing online presence.', NULL, ARRAY['250+ retail stores', 'Strong online presence', 'Expanding rapidly'], ARRAY['Maharashtra', 'Gujarat', 'Karnataka', 'Goa'], TRUE, 87, '2022-02-14', '2024-11-28'),

('global-nutra-exports', 'Global Nutra Exports', 'global-nutra-exports', 'exporter', ARRAY['Ayurvedic & Herbal', 'Vitamins & Minerals', 'Organic'], 'Mumbai', 'Maharashtra', 'Nariman Point, Mumbai', '400021', '+91 22 4567 8901', 'exports@globalnuitra.com', 'https://globalnutraexports.com', '27AABCG6789L1Z1', NULL, 2009, '51-100', '50-100 Cr', ARRAY['Herbal Supplements', 'Ayurvedic Products', 'Organic Supplements'], ARRAY[]::TEXT[], 4.6, 89, TRUE, ARRAY['gst', 'fssai', 'fda', 'organic']::verification_type[], 'Premier exporter of Indian nutraceuticals to USA, Europe, and Middle East markets.', NULL, ARRAY['FDA registered', 'Exporting to 35+ countries', 'US and EU compliant products'], ARRAY['USA', 'Europe', 'Middle East', 'Southeast Asia'], TRUE, 91, '2021-11-08', '2024-11-22'),

('formulation-hub', 'Formulation Hub India', 'formulation-hub', 'formulator', ARRAY['Vitamins & Minerals', 'Ayurvedic & Herbal', 'Sports Nutrition'], 'Baddi', 'Himachal Pradesh', 'Industrial Area, Baddi', '173205', '+91 1795 234567', 'business@formulationhub.in', 'https://formulationhub.in', '02AABCF1234M1Z4', NULL, 2012, '101-200', '10-50 Cr', ARRAY['Custom Formulations', 'Private Label Products', 'Tablets', 'Capsules', 'Powders'], ARRAY[]::TEXT[], 4.2, 112, TRUE, ARRAY['gst', 'fssai', 'gmp', 'iso']::verification_type[], 'Full-service contract manufacturer offering formulation development, manufacturing, and packaging.', NULL, ARRAY['End-to-end contract manufacturing', 'Private label services', 'Formulation development', 'Low MOQ options'], ARRAY[]::TEXT[], FALSE, 84, '2022-08-30', '2024-10-20'),

('nutra-test-labs', 'NutraTest Laboratories', 'nutra-test-labs', 'cro', ARRAY['Testing & Certification'], 'Hyderabad', 'Telangana', 'Genome Valley, Shamirpet', '500101', '+91 40 3456 7890', 'testing@nutratestlabs.com', 'https://nutratestlabs.com', '36AABCN2345N1Z7', NULL, 2014, '51-100', '5-10 Cr', ARRAY['Quality Testing', 'Stability Studies', 'Microbiological Testing', 'Heavy Metal Analysis'], ARRAY[]::TEXT[], 4.7, 78, TRUE, ARRAY['gst', 'iso']::verification_type[], 'NABL accredited laboratory specializing in nutraceutical testing and quality analysis.', NULL, ARRAY['NABL accredited', 'Fast turnaround time', 'Comprehensive testing services'], ARRAY[]::TEXT[], FALSE, 86, '2023-01-05', '2024-11-12'),

('nutra-pack-solutions', 'NutraPack Solutions', 'nutra-pack-solutions', 'packager', ARRAY['Packaging Services'], 'Surat', 'Gujarat', 'Sachin GIDC, Surat', '394230', '+91 261 234 5678', 'info@nutrapack.in', NULL, '24AABCN5678O1Z0', NULL, 2015, '51-100', '5-10 Cr', ARRAY['Blister Packaging', 'Bottle Filling', 'Sachet Packaging', 'Custom Packaging'], ARRAY[]::TEXT[], 4.0, 56, TRUE, ARRAY['gst', 'fssai']::verification_type[], 'Specialized nutraceutical packaging solutions with modern automated facilities.', NULL, ARRAY['Automated packaging lines', 'Various packaging formats', 'Quick turnaround'], ARRAY[]::TEXT[], FALSE, 75, '2023-04-12', '2024-09-30'),

('global-health-imports', 'Global Health Imports', 'global-health-imports', 'importer', ARRAY['Vitamins & Minerals', 'Sports Nutrition', 'Omega & Fish Oils'], 'Delhi', 'Delhi', 'Nehru Place, New Delhi', '110019', '+91 11 4567 8901', 'imports@globalhealthimports.in', 'https://globalhealthimports.in', '07AABCG7890P1Z3', NULL, 2010, '11-50', '10-50 Cr', ARRAY['Imported Vitamins', 'Fish Oils', 'Specialty Supplements'], ARRAY['Now Foods', 'Solgar', 'Nature Made', 'Nordic Naturals'], 4.4, 123, TRUE, ARRAY['gst', 'fssai']::verification_type[], 'Authorized importer and distributor of premium international nutraceutical brands.', NULL, ARRAY['Authorized importer for major brands', 'FSSAI compliant imports', 'Pan-India distribution'], ARRAY[]::TEXT[], FALSE, 83, '2022-05-20', '2024-11-18'),

('nutra-wholesale-india', 'Nutra Wholesale India', 'nutra-wholesale-india', 'wholesaler', ARRAY['Vitamins & Minerals', 'Ayurvedic & Herbal', 'Sports Nutrition'], 'Kolkata', 'West Bengal', 'Burrabazar, Kolkata', '700007', '+91 33 2234 5678', 'sales@nutrawholesale.in', NULL, '19AABCN8901Q1Z6', NULL, 1998, '11-50', '5-10 Cr', ARRAY[]::TEXT[], ARRAY[]::TEXT[], 3.9, 87, TRUE, ARRAY['gst']::verification_type[], 'Traditional wholesale trader serving Eastern India for over 25 years.', NULL, ARRAY['25+ years in business', 'Strong Eastern India network'], ARRAY['West Bengal', 'Bihar', 'Jharkhand', 'Odisha'], FALSE, 68, '2023-06-15', '2024-08-22'),

('ayurveda-world', 'Ayurveda World Organics', 'ayurveda-world', 'manufacturer', ARRAY['Ayurvedic & Herbal', 'Organic', 'Beauty & Skin'], 'Jaipur', 'Rajasthan', 'Sitapura Industrial Area', '302022', '+91 141 234 5678', 'contact@ayurvedaworld.in', 'https://ayurvedaworld.in', '08AABCA2345R1Z9', NULL, 2013, '51-100', '10-50 Cr', ARRAY['Ayurvedic Supplements', 'Herbal Cosmetics', 'Traditional Formulations'], ARRAY[]::TEXT[], 4.3, 145, TRUE, ARRAY['gst', 'fssai', 'organic', 'gmp']::verification_type[], 'Authentic Ayurvedic product manufacturer with organic certification.', NULL, ARRAY['USDA Organic certified', 'Traditional formulations', 'Export quality products'], ARRAY[]::TEXT[], FALSE, 86, '2022-10-08', '2024-11-05'),

('biotech-nutraceuticals', 'BioTech Nutraceuticals Ltd', 'biotech-nutraceuticals', 'manufacturer', ARRAY['Probiotics', 'Digestive Health', 'Immunity Boosters'], 'Bangalore', 'Karnataka', 'Electronic City Phase 2', '560100', '+91 80 4123 4567', 'info@biotechnutra.com', 'https://biotechnutra.com', '29AABCB3456S1Z2', NULL, 2016, '101-200', '10-50 Cr', ARRAY['Probiotics', 'Prebiotics', 'Synbiotics', 'Digestive Enzymes'], ARRAY[]::TEXT[], 4.5, 98, TRUE, ARRAY['gst', 'fssai', 'iso', 'gmp']::verification_type[], 'Specialized in probiotic and gut health product manufacturing with advanced fermentation technology.', NULL, ARRAY['Proprietary probiotic strains', 'Advanced fermentation facility', 'Stability-tested formulations'], ARRAY[]::TEXT[], TRUE, 89, '2022-03-15', '2024-11-28'),

('sunrise-health-distributors', 'Sunrise Health Distributors', 'sunrise-health-distributors', 'distributor', ARRAY['Vitamins & Minerals', 'Weight Management', 'Women''s Health'], 'Lucknow', 'Uttar Pradesh', 'Gomti Nagar, Lucknow', '226010', '+91 522 234 5678', 'sales@sunrisehealth.in', NULL, '09AABCS4567T1Z5', NULL, 2017, '11-50', '1-5 Cr', ARRAY[]::TEXT[], ARRAY[]::TEXT[], 4.0, 67, TRUE, ARRAY['gst', 'fssai']::verification_type[], 'Regional distributor covering Uttar Pradesh with focus on women''s health products.', NULL, ARRAY['UP coverage', 'Women''s health specialist'], ARRAY['Uttar Pradesh'], FALSE, 72, '2023-07-20', '2024-10-12'),

('kerala-naturals', 'Kerala Naturals Ayurveda', 'kerala-naturals', 'manufacturer', ARRAY['Ayurvedic & Herbal', 'Joint Health', 'Senior Nutrition'], 'Kochi', 'Kerala', 'Kakkanad Industrial Area', '682030', '+91 484 234 5678', 'info@keralanaturals.com', 'https://keralanaturals.com', '32AABCK5678U1Z8', NULL, 2005, '51-100', '5-10 Cr', ARRAY['Ayurvedic Oils', 'Joint Care', 'Rejuvenation Products'], ARRAY[]::TEXT[], 4.4, 189, TRUE, ARRAY['gst', 'fssai', 'gmp']::verification_type[], 'Traditional Kerala Ayurveda manufacturer known for authentic formulations.', NULL, ARRAY['Authentic Kerala Ayurveda', 'Traditional knowledge', 'Export quality'], ARRAY[]::TEXT[], FALSE, 81, '2022-11-25', '2024-11-15');

-- ============================================
-- NEWS (15 records)
-- ============================================

INSERT INTO news (id, title, summary, source, url, published_at, category, image) VALUES
('news-1', 'NutriMart Distributors expands to Gujarat with new warehouse facility', 'Leading Mumbai-based distributor opens 50,000 sq ft warehouse in Ahmedabad to serve growing demand in Western India.', 'Business Standard', 'https://example.com/news/nutrimart-expansion', '2024-12-01', 'company', '/images/placeholders/news-1.jpg'),
('news-2', 'VitaForce receives FDA approval for US market entry', 'Ahmedabad-based nutraceutical manufacturer gets FDA registration, set to begin exports to United States.', 'Economic Times', 'https://example.com/news/vitaforce-fda', '2024-11-28', 'company', '/images/placeholders/news-2.jpg'),
('news-3', 'Indian nutraceutical market to reach $18 billion by 2025', 'Industry report projects 15% CAGR growth driven by health consciousness and preventive healthcare trends.', 'Mint', 'https://example.com/news/market-growth', '2024-11-25', 'industry', '/images/placeholders/news-3.jpg'),
('news-4', 'FSSAI introduces new labeling requirements for supplements', 'New regulations mandate detailed ingredient disclosure and health claims substantiation for all nutraceutical products.', 'Financial Express', 'https://example.com/news/fssai-labeling', '2024-11-22', 'regulatory', '/images/placeholders/news-4.jpg'),
('news-5', 'HealthFirst Distribution partners with 50 new retailers in Q3', 'Delhi-based sports nutrition distributor expands retail network, adding 50 premium fitness stores.', 'India Retail News', 'https://example.com/news/healthfirst-expansion', '2024-11-20', 'company', NULL),
('news-6', 'Protein supplement demand surges 40% post-pandemic', 'Rising fitness awareness drives unprecedented growth in sports nutrition segment across India.', 'Hindu Business Line', 'https://example.com/news/protein-demand', '2024-11-18', 'industry', NULL),
('news-7', 'Herbex Naturals achieves USDA Organic certification', 'Haridwar manufacturer becomes one of few Indian companies with US organic certification for Ayurvedic products.', 'Organic Today', 'https://example.com/news/herbex-organic', '2024-11-15', 'company', NULL),
('news-8', 'E-commerce drives 60% of nutraceutical sales in metros', 'Online channels dominate supplement purchases in tier-1 cities, traditional retail remains strong in smaller towns.', 'ET Retail', 'https://example.com/news/ecommerce-sales', '2024-11-12', 'industry', NULL),
('news-9', 'Government announces PLI scheme for nutraceutical manufacturing', 'Rs 1,500 crore incentive scheme to boost domestic manufacturing of health supplements and active ingredients.', 'PIB', 'https://example.com/news/pli-scheme', '2024-11-10', 'regulatory', NULL),
('news-10', 'Apollo Pharmacy adds dedicated nutraceutical sections in 500 stores', 'India''s largest pharmacy chain creates specialized health supplement zones with trained staff.', 'Pharmacy Today', 'https://example.com/news/apollo-nutra', '2024-11-08', 'company', NULL),
('news-11', 'Ashwagandha exports from India grow 35% in 2024', 'Global demand for traditional Ayurvedic ingredients drives record export volumes.', 'APEDA News', 'https://example.com/news/ashwagandha-exports', '2024-11-05', 'industry', NULL),
('news-12', 'BioTech Nutraceuticals launches patented probiotic strain', 'Bangalore-based company introduces clinically-validated probiotic for gut health market.', 'BioSpectrum', 'https://example.com/news/biotech-probiotic', '2024-11-02', 'company', NULL),
('news-13', 'Maharashtra emerges as India''s nutraceutical manufacturing hub', 'State accounts for 30% of country''s supplement production capacity with 200+ manufacturing units.', 'DNA India', 'https://example.com/news/maharashtra-hub', '2024-10-30', 'industry', NULL),
('news-14', 'New quality standards for imported supplements announced', 'FSSAI mandates additional testing and documentation requirements for imported nutraceuticals.', 'Import Export News', 'https://example.com/news/import-standards', '2024-10-28', 'regulatory', NULL),
('news-15', 'Plant-based protein market in India to triple by 2027', 'Growing vegan trend and sustainability concerns drive demand for plant proteins.', 'Food Navigator', 'https://example.com/news/plant-protein', '2024-10-25', 'industry', NULL);

-- ============================================
-- NEWS-COMPANY RELATIONSHIPS
-- ============================================

INSERT INTO news_company (news_id, company_id) VALUES
('news-1', 'nutrimart-distributors'),
('news-2', 'vitaforce-pharma'),
('news-5', 'healthfirst-distribution'),
('news-7', 'herbex-naturals'),
('news-10', 'apollo-pharmacy'),
('news-12', 'biotech-nutraceuticals');

-- ============================================
-- TESTIMONIALS (6 records)
-- ============================================

INSERT INTO testimonials (id, name, company, role, content, avatar, rating) VALUES
('testimonial-1', 'Rajesh Sharma', 'VitaHealth Distributors', 'Founder & CEO', 'NutraConnect helped us find 15 new retail partners in just 2 months. The AI-powered search is incredibly accurate and saves us hours of manual research.', NULL, 5),
('testimonial-2', 'Priya Patel', 'Organic Wellness Stores', 'Procurement Head', 'As a retailer, finding verified suppliers was always challenging. With NutraConnect, I can quickly find GST-verified manufacturers and compare them side by side.', NULL, 5),
('testimonial-3', 'Amit Kumar', 'FitLife Nutrition', 'Business Development Manager', 'The industry insights and news features keep us ahead of market trends. We discovered a new supplier opportunity through a news alert that led to a major partnership.', NULL, 4),
('testimonial-4', 'Dr. Sneha Reddy', 'AyurCare Manufacturing', 'Director', 'We''ve expanded our distributor network across 5 new states using NutraConnect. The platform''s verification system gives our partners confidence in working with us.', NULL, 5),
('testimonial-5', 'Vikram Singh', 'NutriMax Exports', 'Export Manager', 'Finding the right contract manufacturers for our export requirements was seamless. The detailed company profiles with certifications saved us weeks of due diligence.', NULL, 4),
('testimonial-6', 'Meera Krishnan', 'Chennai Health Mart', 'Owner', 'As a small retailer, I couldn''t afford expensive market research. NutraConnect''s free tier gave me access to quality suppliers, and the Pro plan was worth every rupee.', NULL, 5);

-- ============================================
-- Summary
-- ============================================

SELECT 'Seed data loaded successfully!' AS status;
SELECT 'Companies: ' || COUNT(*) FROM companies;
SELECT 'News: ' || COUNT(*) FROM news;
SELECT 'News-Company links: ' || COUNT(*) FROM news_company;
SELECT 'Testimonials: ' || COUNT(*) FROM testimonials;
